adduser	3.152	install ok installed
adwaita-icon-theme	48.1-1	install ok installed
alsa-utils	1.2.14-1	install ok installed
antlr	2.7.7+dfsg-14	install ok installed
apt	3.0.3	install ok installed
apt-utils	3.0.3	install ok installed
armbian-bsp-cli-orangepi5-ultra-vendor	26.11.0-trunk.35	install ok installed
armbian-config	26.8.0-trunk.426.0829.175228	install ok installed
armbian-firmware	26.11.0-trunk.35	install ok installed
at-spi2-common	2.56.2-1+deb13u1	install ok installed
autoconf	2.72-3.1	install ok installed
automake	1:1.17-4	install ok installed
autopoint	0.23.1-2	install ok installed
autotools-dev	20240727.1	install ok installed
base-files	26.11.0-trunk.35-13.8+deb13u6-trixie	install ok installed
base-passwd	3.6.7	install ok installed
bash	5.2.37-2+b9	install ok installed
bash-completion	1:2.16.0-7	install ok installed
bc	1.07.1-4+b1	install ok installed
bcmdhd-sdio-dkms	101.10.591.52.27-6	install ok installed
binutils	2.44-3	install ok installed
binutils-aarch64-linux-gnu	2.44-3	install ok installed
binutils-common	2.44-3	install ok installed
bison	2:3.8.2+dfsg-1+b2	install ok installed
bsdextrautils	2.41.5-0+deb13u1	install ok installed
bsdutils	1:2.41.5-0+deb13u1	install ok installed
btop	1.3.2-0.1	install ok installed
btrfs-progs	6.14-1	install ok installed
build-essential	12.12	install ok installed
bzip2	1.0.8-6	install ok installed
ca-certificates	20250419	install ok installed
ca-certificates-java	20240118	install ok installed
cmake	3.31.6-2	install ok installed
cmake-data	3.31.6-2	install ok installed
cmatrix	2.0-6+b1	install ok installed
comerr-dev	2.1-1.47.2-3+b11	install ok installed
console-setup	1.242~deb13u1	install ok installed
console-setup-linux	1.242~deb13u1	install ok installed
coreutils	9.7-3	install ok installed
cpio	2.15+dfsg-2	install ok installed
cpp-14	14.2.0-19	install ok installed
cpp-14-aarch64-linux-gnu	14.2.0-19	install ok installed
cpp	4:14.2.0-1	install ok installed
cpp-aarch64-linux-gnu	4:14.2.0-1	install ok installed
cron	3.0pl1-197	install ok installed
cron-daemon-common	3.0pl1-197	install ok installed
curl	8.14.1-2+deb13u4	install ok installed
dash	0.5.12-12	install ok installed
dbus	1.16.2-2	install ok installed
dbus-bin	1.16.2-2	install ok installed
dbus-daemon	1.16.2-2	install ok installed
dbus-session-bus-common	1.16.2-2	install ok installed
dbus-system-bus-common	1.16.2-2	install ok installed
dbus-user-session	1.16.2-2	install ok installed
dconf-gsettings-backend	0.40.0-5	install ok installed
dconf-service	0.40.0-5	install ok installed
debconf	1.5.91	install ok installed
debconf-utils	1.5.91	install ok installed
debhelper	13.24.2	install ok installed
debian-archive-keyring	2025.1	install ok installed
debianutils	5.23.2	install ok installed
debsums	3.0.2.3	install ok installed
default-jre	2:1.21-76	install ok installed
default-jre-headless	2:1.21-76	install ok installed
default-libmysqlclient-dev	1.1.1	install ok installed
device-tree-compiler	1.7.2-2+b1	install ok installed
dh-autoreconf	20	install ok installed
dh-python	6.20250414	install ok installed
dh-strip-nondeterminism	1.14.1-2	install ok installed
dialog	1.3-20250116-1	install ok installed
diffutils	1:3.10-4	install ok installed
dkms	3.2.2-1~deb13u1	install ok installed
dmsetup	2:1.02.205-2	install ok installed
dosfstools	4.2-1.2	install ok installed
doxygen	1.9.8+ds-2.1	install ok installed
dpkg	1.22.22	install ok installed
dpkg-dev	1.22.22	install ok installed
dracut-install	106-6	install ok installed
dwz	0.15-1+b1	install ok installed
e2fsprogs	1.47.2-3+b11	install ok installed
ethtool	1:6.14.2-1	install ok installed
expect	5.45.4-4	install ok installed
f2fs-tools	1.16.0-1.1+b1	install ok installed
fake-hwclock	0.14	install ok installed
fastfetch	2.67.0	install ok installed
fdisk	2.41.5-0+deb13u1	install ok installed
figlet	2.2.5-3+b2	install ok installed
file	1:5.46-5	install ok installed
findutils	4.10.0-3	install ok installed
flatbuffers-compiler	23.5.26+dfsg-4	install ok installed
flatbuffers-compiler-dev	23.5.26+dfsg-4	install ok installed
flex	2.6.4-8.2+b4	install ok installed
fontconfig	2.15.0-2.3	install ok installed
fontconfig-config	2.15.0-2.3	install ok installed
fontforge-common	1:20230101~dfsg-4	install ok installed
fontforge-nox	1:20230101~dfsg-4+b1	install ok installed
fonts-dejavu-core	2.37-8	install ok installed
fonts-dejavu-mono	2.37-8	install ok installed
fonts-droid-fallback	1:8.1.0r7-1~1.gbp36536b	install ok installed
fping	5.1-1+b1	install ok installed
fuse3	3.17.2-3	install ok installed
g++-14	14.2.0-19	install ok installed
g++-14-aarch64-linux-gnu	14.2.0-19	install ok installed
g++	4:14.2.0-1	install ok installed
g++-aarch64-linux-gnu	4:14.2.0-1	install ok installed
gawk	1:5.2.1-2+b2	install ok installed
gcc-14	14.2.0-19	install ok installed
gcc-14-aarch64-linux-gnu	14.2.0-19	install ok installed
gcc-14-base	14.2.0-19	install ok installed
gcc	4:14.2.0-1	install ok installed
gcc-aarch64-linux-gnu	4:14.2.0-1	install ok installed
gettext	0.23.1-2	install ok installed
gettext-base	0.23.1-2	install ok installed
gir1.2-freedesktop	1.84.0-1	install ok installed
gir1.2-freedesktop-dev	1.84.0-1	install ok installed
gir1.2-glib-2.0	2.84.4-3~deb13u3	install ok installed
gir1.2-glib-2.0-dev	2.84.4-3~deb13u3	install ok installed
gir1.2-gudev-1.0	238-6	install ok installed
gir1.2-harfbuzz-0.0	10.2.0-1+deb13u1	install ok installed
girepository-tools	2.84.4-3~deb13u3	install ok installed
git	1:2.47.3-0+deb13u1	install ok installed
git-man	1:2.47.3-0+deb13u1	install ok installed
googletest	1.16.0-1	install ok installed
gperf	3.2.1-1	install ok installed
gpg	2.4.7-21+deb13u1+b4	install ok installed
gpgconf	2.4.7-21+deb13u1+b4	install ok installed
gpgv	2.4.7-21+deb13u1+b4	install ok installed
gpiod	2.2.1-2+deb13u1	install ok installed
grep	3.11-4+b1	install ok installed
groff-base	1.23.0-9	install ok installed
groovy	2.4.21-10	install ok installed
gtk-update-icon-cache	4.18.6+ds-2	install ok installed
gzip	1.13-1	install ok installed
hicolor-icon-theme	0.18-2	install ok installed
hostname	3.25	install ok installed
htop	3.4.1-5	install ok installed
icu-devtools	76.1-4	install ok installed
init	1.69~deb13u1	install ok installed
initramfs-tools	0.148.4	install ok installed
initramfs-tools-bin	0.148.4	install ok installed
initramfs-tools-core	0.148.4	install ok installed
init-system-helpers	1.69~deb13u1	install ok installed
intltool-debian	0.35.0+20060710.6	install ok installed
iproute2	6.15.0-1	install ok installed
iputils-ping	3:20240905-3	install ok installed
ivy	2.5.3-1	install ok installed
iw	6.9-1+b1	install ok installed
java-common	0.76	install ok installed
jq	1.7.1-6+deb13u3	install ok installed
junit4	4.13.2-5	install ok installed
kbd	2.7.1-2	install ok installed
keyboard-configuration	1.242~deb13u1	install ok installed
klibc-utils	2.0.14-1	install ok installed
kmod	34.2-2	install ok installed
krb5-multidev	1.21.3-5+deb13u1	install ok installed
less	668-1	install ok installed
libabsl20240722	20240722.0-4	install ok installed
libacl1	2.3.2-2+b1	install ok installed
libantlr-java	2.7.7+dfsg-14	install ok installed
libaom3	3.12.1-1+deb13u1	install ok installed
libapache-pom-java	33-2	install ok installed
libapparmor1	4.1.0-1	install ok installed
libapt-pkg7.0	3.0.3	install ok installed
libarchive13t64	3.7.4-4+deb13u1	install ok installed
libarchive-zip-perl	1.68-1	install ok installed
libasan8	14.2.0-19	install ok installed
libasm-java	9.8-1	install ok installed
libasound2-data	1.2.14-1	install ok installed
libasound2-dev	1.2.14-1	install ok installed
libasound2t64	1.2.14-1	install ok installed
libass9	1:0.17.3-1+deb13u1	install ok installed
libass-dev	1:0.17.3-1+deb13u1	install ok installed
libassuan9	3.0.2-2	install ok installed
libasyncns0	0.8-6+b5	install ok installed
libatk1.0-0t64	2.56.2-1+deb13u1	install ok installed
libatk-bridge2.0-0t64	2.56.2-1+deb13u1	install ok installed
libatomic1	14.2.0-19	install ok installed
libatopology2t64	1.2.14-1	install ok installed
libatspi2.0-0t64	2.56.2-1+deb13u1	install ok installed
libattr1	1:2.5.2-3	install ok installed
libaudit1	1:4.0.2-2+b2	install ok installed
libaudit-common	1:4.0.2-2	install ok installed
libavahi-client3	0.8-16	install ok installed
libavahi-client-dev	0.8-16	install ok installed
libavahi-common3	0.8-16	install ok installed
libavahi-common-data	0.8-16	install ok installed
libavahi-common-dev	0.8-16	install ok installed
libavcodec61	7:7.1.5-0+deb13u1	install ok installed
libavcodec-dev	7:7.1.5-0+deb13u1	install ok installed
libavfilter10	7:7.1.5-0+deb13u1	install ok installed
libavfilter-dev	7:7.1.5-0+deb13u1	install ok installed
libavformat61	7:7.1.5-0+deb13u1	install ok installed
libavformat-dev	7:7.1.5-0+deb13u1	install ok installed
libavutil59	7:7.1.5-0+deb13u1	install ok installed
libavutil-dev	7:7.1.5-0+deb13u1	install ok installed
libbinutils	2.44-3	install ok installed
libblas3	3.12.1-6	install ok installed
libblkid1	2.41.5-0+deb13u1	install ok installed
libblkid-dev	2.41.5-0+deb13u1	install ok installed
libbluetooth3	5.82-1.1	install ok installed
libbluetooth-dev	5.82-1.1	install ok installed
libbluray2	1:1.3.4-1+b2	install ok installed
libbluray-dev	1:1.3.4-1+b2	install ok installed
libbpf1	1:1.5.0-3	install ok installed
libbrotli1	1.1.0-2+b7	install ok installed
libbrotli-dev	1.1.0-2+b7	install ok installed
libbs2b0	3.1.0+dfsg-8+b1	install ok installed
libbsd0	0.12.2-2	install ok installed
libbsf-java	1:2.4.0-8	install ok installed
libbz2-1.0	1.0.8-6	install ok installed
libbz2-dev	1.0.8-6	install ok installed
libc6	2.41-12+deb13u3	install ok installed
libc6-dev	2.41-12+deb13u3	install ok installed
libcaca0	0.99.beta20-5+deb13u1	install ok installed
libcairo2	1.18.4-1+b1	install ok installed
libcairo-gobject2	1.18.4-1+b1	install ok installed
libcap2	1:2.75-10+deb13u1+b1	install ok installed
libcap2-bin	1:2.75-10+deb13u1+b1	install ok installed
libcap-dev	1:2.75-10+deb13u1+b1	install ok installed
libcap-ng0	0.8.5-4+b1	install ok installed
libc-bin	2.41-12+deb13u3	install ok installed
libcbor0.10	0.10.2-2	install ok installed
libcc1-0	14.2.0-19	install ok installed
libc-dev-bin	2.41-12+deb13u3	install ok installed
libcdio19t64	2.2.0-4.1~deb13u1	install ok installed
libcdio++1t64	2.2.0-4.1~deb13u1	install ok installed
libcdio++-dev	2.2.0-4.1~deb13u1	install ok installed
libcdio-dev	2.2.0-4.1~deb13u1	install ok installed
libcec7	7.0.0-1+b1	install ok installed
libcec-dev	7.0.0-1+b1	install ok installed
libchromaprint1	1.5.1-7	install ok installed
libcjson1	1.7.18-3.1+deb13u1	install ok installed
libc-l10n	2.41-12+deb13u3	install ok installed
libclang1-19	1:19.1.7-3+b1	install ok installed
libclang-cpp19	1:19.1.7-3+b1	install ok installed
libcloudproviders0	0.3.6-2	install ok installed
libcodec2-1.2	1.2.0-3	install ok installed
libcolord2	1.4.7-3	install ok installed
libcom-err2	1.47.2-3+b11	install ok installed
libcommons-cli-java	1.6.0-1	install ok installed
libcommons-lang-java	2.6-10+deb13u1	install ok installed
libcommons-logging-java	1.3.0-2	install ok installed
libcommons-parent-java	56-1	install ok installed
libcrossguid0	0.0+git200150803-6+b2	install ok installed
libcrossguid-dev	0.0+git200150803-6+b2	install ok installed
libcrypt1	1:4.4.38-1	install ok installed
libcrypt-dev	1:4.4.38-1	install ok installed
libctf0	2.44-3	install ok installed
libctf-nobfd0	2.44-3	install ok installed
libcups2t64	2.4.10-3+deb13u2	install ok installed
libcurl3t64-gnutls	8.14.1-2+deb13u4	install ok installed
libcurl4-openssl-dev	8.14.1-2+deb13u4	install ok installed
libcurl4t64	8.14.1-2+deb13u4	install ok installed
libcwiid1t64	0.6.91-11	install ok installed
libcwiid-dev	0.6.91-11	install ok installed
libdate-tz3	3.0.3+ds-2	install ok installed
libdatrie1	0.2.13-3+b1	install ok installed
libdav1d7	1.5.1-1	install ok installed
libdav1d-dev	1.5.1-1	install ok installed
libdb5.3t64	5.3.28+dfsg2-9	install ok installed
libdbus-1-3	1.16.2-2	install ok installed
libdbus-1-dev	1.16.2-2	install ok installed
libdconf1	0.40.0-5	install ok installed
libdebconfclient0	0.280	install ok installed
libdebhelper-perl	13.24.2	install ok installed
libdecor-0-0	0.2.2-2	install ok installed
libdeflate0	1.23-2	install ok installed
libdevmapper1.02.1	2:1.02.205-2	install ok installed
libdialog15	1.3-20250116-1	install ok installed
libdisplay-info2	0.2.0-2	install ok installed
libdisplay-info-dev	0.2.0-2	install ok installed
libdpkg-perl	1.22.22	install ok installed
libdrm2	2.4.124-2	install ok installed
libdrm-amdgpu1	2.4.124-2	install ok installed
libdrm-common	2.4.124-2	install ok installed
libdrm-dev	2.4.124-2	install ok installed
libdrm-etnaviv1	2.4.124-2	install ok installed
libdrm-freedreno1	2.4.124-2	install ok installed
libdrm-nouveau2	2.4.124-2	install ok installed
libdrm-radeon1	2.4.124-2	install ok installed
libdrm-tegra0	2.4.124-2	install ok installed
libdrm-tests	2.4.124-2	install ok installed
libdvdnav4	6.1.1-3+b1	install ok installed
libdvdread8t64	6.1.3-2	install ok installed
libdw1t64	0.192-4	install ok installed
libebur128-1	1.2.6-1+b2	install ok installed
libedit2	3.1-20250104-1	install ok installed
libegl1	1.7.0-1+b2	install ok installed
libegl1-mesa-dev	25.0.7-2+deb13u1	install ok installed
libegl-dev	1.7.0-1+b2	install ok installed
libegl-mesa0	25.0.7-2+deb13u1	install ok installed
libelf1t64	0.192-4	install ok installed
libelf-dev	0.192-4	install ok installed
libepoxy0	1.5.10-2	install ok installed
liberror-perl	0.17030-1	install ok installed
libestr0	0.1.11-2	install ok installed
libevdev2	1.13.4+dfsg-1	install ok installed
libevdev-dev	1.13.4+dfsg-1	install ok installed
libevent-2.1-7t64	2.1.12-stable-10+b1	install ok installed
libexpat1	2.8.3-1~deb13u1	install ok installed
libexpat1-dev	2.8.3-1~deb13u1	install ok installed
libext2fs2t64	1.47.2-3+b11	install ok installed
libfastjson4	1.2304.0-2	install ok installed
libfdisk1	2.41.5-0+deb13u1	install ok installed
libfdt1	1.7.2-2+b1	install ok installed
libffi8	3.4.8-2	install ok installed
libffi-dev	3.4.8-2	install ok installed
libfftw3-double3	3.3.10-2+b1	install ok installed
libfftw3-single3	3.3.10-2+b1	install ok installed
libfido2-1	1.15.0-1+b1	install ok installed
libfile-fnmatch-perl	0.02-3+b4	install ok installed
libfile-stripnondeterminism-perl	1.14.1-2	install ok installed
libflac14	1.5.0+ds-2	install ok installed
libflatbuffers23.5.26	23.5.26+dfsg-4	install ok installed
libflatbuffers-dev	23.5.26+dfsg-4	install ok installed
libflite1	2.2-7	install ok installed
libfmt10	10.1.1+ds1-4	install ok installed
libfmt-dev	10.1.1+ds1-4	install ok installed
libfontconfig1	2.15.0-2.3	install ok installed
libfontconfig-dev	2.15.0-2.3	install ok installed
libfontforge4	1:20230101~dfsg-4+b1	install ok installed
libfreetype6	2.13.3+dfsg-1+deb13u1	install ok installed
libfreetype-dev	2.13.3+dfsg-1+deb13u1	install ok installed
libfribidi0	1.0.16-1	install ok installed
libfribidi-dev	1.0.16-1	install ok installed
libfstrcmp0	0.7.D001-5	install ok installed
libfstrcmp-dev	0.7.D001-5	install ok installed
libfuse3-4	3.17.2-3	install ok installed
libgbm1	25.0.7-2+deb13u1	install ok installed
libgbm-dev	25.0.7-2+deb13u1	install ok installed
libgcc-14-dev	14.2.0-19	install ok installed
libgcc-s1	14.2.0-19	install ok installed
libgcrypt20	1.11.0-7+deb13u1	install ok installed
libgcrypt20-dev	1.11.0-7+deb13u1	install ok installed
libgdbm6t64	1.24-2	install ok installed
libgdbm-compat4t64	1.24-2	install ok installed
libgdk-pixbuf-2.0-0	2.42.12+dfsg-4+deb13u1	install ok installed
libgdk-pixbuf2.0-common	2.42.12+dfsg-4+deb13u1	install ok installed
libgfortran5	14.2.0-19	install ok installed
libgif7	5.2.2-1+deb13u1	install ok installed
libgif-dev	5.2.2-1+deb13u1	install ok installed
libgio-2.0-dev	2.84.4-3~deb13u3	install ok installed
libgio-2.0-dev-bin	2.84.4-3~deb13u3	install ok installed
libgirepository-2.0-0	2.84.4-3~deb13u3	install ok installed
libgl1	1.7.0-1+b2	install ok installed
libgl1-mesa-dri	25.0.7-2+deb13u1	install ok installed
libgl-dev	1.7.0-1+b2	install ok installed
libgles1	1.7.0-1+b2	install ok installed
libgles2	1.7.0-1+b2	install ok installed
libgles-dev	1.7.0-1+b2	install ok installed
libglew2.2	2.2.0-4+b2	install ok installed
libglew-dev	2.2.0-4+b2	install ok installed
libglib2.0-0t64	2.84.4-3~deb13u3	install ok installed
libglib2.0-bin	2.84.4-3~deb13u3	install ok installed
libglib2.0-data	2.84.4-3~deb13u3	install ok installed
libglib2.0-dev	2.84.4-3~deb13u3	install ok installed
libglib2.0-dev-bin	2.84.4-3~deb13u3	install ok installed
libglu1-mesa	9.0.2-1.1+b3	install ok installed
libglu1-mesa-dev	9.0.2-1.1+b3	install ok installed
libglvnd0	1.7.0-1+b2	install ok installed
libglvnd-core-dev	1.7.0-1+b2	install ok installed
libglvnd-dev	1.7.0-1+b2	install ok installed
libglx0	1.7.0-1+b2	install ok installed
libglx-dev	1.7.0-1+b2	install ok installed
libglx-mesa0	25.0.7-2+deb13u1	install ok installed
libgme0	0.6.3-7+b2	install ok installed
libgmp10	2:6.3.0+dfsg-3	install ok installed
libgmp-dev	2:6.3.0+dfsg-3	install ok installed
libgmpxx4ldbl	2:6.3.0+dfsg-3	install ok installed
libgnutls28-dev	3.8.9-3+deb13u4	install ok installed
libgnutls30t64	3.8.9-3+deb13u4	install ok installed
libgnutls-dane0t64	3.8.9-3+deb13u4	install ok installed
libgnutls-openssl27t64	3.8.9-3+deb13u4	install ok installed
libgomp1	14.2.0-19	install ok installed
libgpg-error0	1.51-4	install ok installed
libgpg-error-dev	1.51-4	install ok installed
libgpiod3	2.2.1-2+deb13u1	install ok installed
libgpm2	1.20.7-11+b2	install ok installed
libgprofng0	2.44-3	install ok installed
libgraphite2-3	1.3.14-2+deb13u1	install ok installed
libgraphite2-dev	1.3.14-2+deb13u1	install ok installed
libgsm1	1.0.22-1+b2	install ok installed
libgssapi-krb5-2	1.21.3-5+deb13u1	install ok installed
libgssrpc4t64	1.21.3-5+deb13u1	install ok installed
libgtest-dev	1.16.0-1	install ok installed
libgtk-3-0t64	3.24.49-3	install ok installed
libgtk-3-common	3.24.49-3	install ok installed
libgudev-1.0-0	238-6	install ok installed
libgudev-1.0-dev	238-6	install ok installed
libhamcrest-java	2.2-2	install ok installed
libharfbuzz0b	10.2.0-1+deb13u1	install ok installed
libharfbuzz-cairo0	10.2.0-1+deb13u1	install ok installed
libharfbuzz-dev	10.2.0-1+deb13u1	install ok installed
libharfbuzz-gobject0	10.2.0-1+deb13u1	install ok installed
libharfbuzz-icu0	10.2.0-1+deb13u1	install ok installed
libharfbuzz-subset0	10.2.0-1+deb13u1	install ok installed
libhawtjni-runtime-java	1.18-1	install ok installed
libhogweed6t64	3.10.1-1	install ok installed
libhowardhinnant-date-dev	3.0.3+ds-2	install ok installed
libhwasan0	14.2.0-19	install ok installed
libhwy1t64	1.2.0-2+b2	install ok installed
libice6	2:1.1.1-1	install ok installed
libice-dev	2:1.1.1-1	install ok installed
libicu76	76.1-4	install ok installed
libicu-dev	76.1-4	install ok installed
libidn2-0	2.3.8-2	install ok installed
libidn2-dev	2.3.8-2	install ok installed
libiniparser4	4.2.6-1	install ok installed
libinput10	1.28.1-1+deb13u1	install ok installed
libinput-bin	1.28.1-1+deb13u1	install ok installed
libinput-dev	1.28.1-1+deb13u1	install ok installed
libisl23	0.27-1	install ok installed
libiso9660++1	2.2.0-4.1~deb13u1	install ok installed
libiso9660-12	2.2.0-4.1~deb13u1	install ok installed
libiso9660-dev	2.2.0-4.1~deb13u1	install ok installed
libiso9660++-dev	2.2.0-4.1~deb13u1	install ok installed
libitm1	14.2.0-19	install ok installed
libjansi1-java	1.18-3.1	install ok installed
libjansi-java	2.4.1-2	install ok installed
libjansi-native-java	1.8-2	install ok installed
libjansson4	2.14-2+b3	install ok installed
libjbig0	2.1-6.1+b2	install ok installed
libjline2-java	2.14.6-6	install ok installed
libjpeg62-turbo	1:2.1.5-4	install ok installed
libjpeg62-turbo-dev	1:2.1.5-4	install ok installed
libjpeg-dev	1:2.1.5-4	install ok installed
libjq1	1.7.1-6+deb13u3	install ok installed
libjs-jquery	3.6.1+dfsg+~3.5.14-1	install ok installed
libjsoncpp26	1.9.6-3	install ok installed
libjsp-api-java	2.3.4-3	install ok installed
libjs-sphinxdoc	8.1.3-5	install ok installed
libjs-underscore	1.13.4~dfsg+~1.11.4-3	install ok installed
libjxl0.11	0.11.2-0.1~deb13u2	install ok installed
libk5crypto3	1.21.3-5+deb13u1	install ok installed
libkadm5clnt-mit12	1.21.3-5+deb13u1	install ok installed
libkadm5srv-mit12	1.21.3-5+deb13u1	install ok installed
libkdb5-10t64	1.21.3-5+deb13u1	install ok installed
libkeyutils1	1.6.3-6	install ok installed
libkissfft-dev	131.1.0-4.1~deb13u1	install ok installed
libkissfft-float131	131.1.0-4.1~deb13u1	install ok installed
libklibc	2.0.14-1	install ok installed
libkmod2	34.2-2	install ok installed
libkrb5-3	1.21.3-5+deb13u1	install ok installed
libkrb5-dev	1.21.3-5+deb13u1	install ok installed
libkrb5support0	1.21.3-5+deb13u1	install ok installed
libksba8	1.6.7-2+b1	install ok installed
liblapack3	3.12.1-6	install ok installed
liblastlog2-2	2.41.5-0+deb13u1	install ok installed
liblcms2-2	2.16-2+deb13u2	install ok installed
liblcms2-dev	2.16-2+deb13u2	install ok installed
libldap2	2.6.10+dfsg-1	install ok installed
libldap-dev	2.6.10+dfsg-1	install ok installed
libldb2	2:2.11.0+samba4.22.10+dfsg-0+deb13u2	install ok installed
liblerc4	4.0.0+ds-5	install ok installed
liblilv-0-0	0.24.26-1	install ok installed
liblirc0t64	0.10.2-0.10	install ok installed
liblirc-client0t64	0.10.2-0.10	install ok installed
liblirc-dev	0.10.2-0.10	install ok installed
libllvm19	1:19.1.7-3+b1	install ok installed
liblmdb0	0.9.31-1+b2	install ok installed
liblocale-gettext-perl	1.07-7+b1	install ok installed
liblognorm5	2.0.6-5	install ok installed
liblsan0	14.2.0-19	install ok installed
liblsof0	4.99.4+dfsg-2	install ok installed
libltdl7	2.5.4-4	install ok installed
libltdl-dev	2.5.4-4	install ok installed
liblz4-1	1.10.0-4	install ok installed
liblzma5	5.8.1-1+deb13u1	install ok installed
liblzo2-2	2.10-3+b1	install ok installed
liblzo2-dev	2.10-3+b1	install ok installed
libmagic1t64	1:5.46-5	install ok installed
libmagic-mgc	1:5.46-5	install ok installed
libmariadb3	1:11.8.6-0+deb13u1	install ok installed
libmariadb-dev	1:11.8.6-0+deb13u1	install ok installed
libmariadb-dev-compat	1:11.8.6-0+deb13u1	install ok installed
libmbedcrypto16	3.6.5-0.1~deb13u1	install ok installed
libmd0	1.1.0-2+b1	install ok installed
libmicrohttpd12t64	1.0.1-4	install ok installed
libmicrohttpd-dev	1.0.1-4	install ok installed
libmnl0	1.0.5-3	install ok installed
libmount1	2.41.5-0+deb13u1	install ok installed
libmount-dev	2.41.5-0+deb13u1	install ok installed
libmp3lame0	3.100-6+b3	install ok installed
libmpc3	1.3.1-1+b3	install ok installed
libmpfr6	4.2.2-1	install ok installed
libmpg123-0t64	1.32.10-1+deb13u1	install ok installed
libmtdev1t64	1.1.7-1	install ok installed
libmtdev-dev	1.1.7-1	install ok installed
libmysofa1	1.3.3+dfsg-1	install ok installed
libncurses6	6.5+20250216-2	install ok installed
libncursesw6	6.5+20250216-2	install ok installed
libnetplan1	1.1.2-7	install ok installed
libnettle8t64	3.10.1-1	install ok installed
libnewt0.52	0.52.25-1	install ok installed
libnfs14	5.0.2-1+b2	install ok installed
libnfs-dev	5.0.2-1+b2	install ok installed
libnghttp2-14	1.64.0-1.1+deb13u1	install ok installed
libnghttp2-dev	1.64.0-1.1+deb13u1	install ok installed
libnghttp3-9	1.8.0-1	install ok installed
libnghttp3-dev	1.8.0-1	install ok installed
libngtcp2-16	1.11.0-1+deb13u1	install ok installed
libngtcp2-crypto-gnutls8	1.11.0-1+deb13u1	install ok installed
libngtcp2-crypto-gnutls-dev	1.11.0-1+deb13u1	install ok installed
libngtcp2-dev	1.11.0-1+deb13u1	install ok installed
libnl-3-200	3.7.0-2	install ok installed
libnl-genl-3-200	3.7.0-2	install ok installed
libnl-route-3-200	3.7.0-2	install ok installed
libnorm1t64	1.5.9+dfsg-3.1+b2	install ok installed
libnpth0t64	1.8-3	install ok installed
libnspr4	2:4.36-1	install ok installed
libnss3	2:3.110-1+deb13u4	install ok installed
libntfs-3g89t64	1:2022.10.3-5+deb13u2	install ok installed
libnuma1	2.0.19-1	install ok installed
libogg0	1.3.5-3+b2	install ok installed
libonig5	6.9.9-1+b1	install ok installed
libopengl0	1.7.0-1+b2	install ok installed
libopengl-dev	1.7.0-1+b2	install ok installed
libopenjp2-7	2.5.3-2.1~deb13u2	install ok installed
libopenmpt0t64	0.7.13-1+b1	install ok installed
libopus0	1.5.2-2	install ok installed
libp11-kit0	0.25.5-3	install ok installed
libp11-kit-dev	0.25.5-3	install ok installed
libp8-platform2	2.1.0.1+dfsg1-4+b3	install ok installed
libpam0g	1.7.0-5	install ok installed
libpam-modules	1.7.0-5	install ok installed
libpam-modules-bin	1.7.0-5	install ok installed
libpam-runtime	1.7.0-5	install ok installed
libpam-systemd	257.13-1~deb13u1	install ok installed
libpango-1.0-0	1.56.3-1	install ok installed
libpangocairo-1.0-0	1.56.3-1	install ok installed
libpangoft2-1.0-0	1.56.3-1	install ok installed
libparted2t64	3.6-5	install ok installed
libpci3	1:3.13.0-2	install ok installed
libpciaccess0	0.17-3+b3	install ok installed
libpciaccess-dev	0.17-3+b3	install ok installed
libpcre2-16-0	10.46-1~deb13u1	install ok installed
libpcre2-32-0	10.46-1~deb13u1	install ok installed
libpcre2-8-0	10.46-1~deb13u1	install ok installed
libpcre2-dev	10.46-1~deb13u1	install ok installed
libpcre2-posix3	10.46-1~deb13u1	install ok installed
libpcsclite1	2.3.3-1	install ok installed
libperl5.40	5.40.1-6	install ok installed
libpgm-5.3-0t64	5.3.128~dfsg-2.1+b1	install ok installed
libpipeline1	1.5.8-1	install ok installed
libpipewire-0.3-0t64	1.4.2-1	install ok installed
libpipewire-0.3-dev	1.4.2-1	install ok installed
libpixman-1-0	0.44.0-3	install ok installed
libpkgconf3	1.8.1-4	install ok installed
libplacebo349	7.349.0-3	install ok installed
libplist-2.0-4	2.6.0-2+b1	install ok installed
libplist-dev	2.6.0-2+b1	install ok installed
libpng16-16t64	1.6.48-1+deb13u5	install ok installed
libpng-dev	1.6.48-1+deb13u5	install ok installed
libpocketsphinx3	0.8+5prealpha+1-15+b4	install ok installed
libpopt0	1.19+dfsg-2	install ok installed
libpostproc58	7:7.1.5-0+deb13u1	install ok installed
libpostproc-dev	7:7.1.5-0+deb13u1	install ok installed
libproc2-0	2:4.0.4-9	install ok installed
libpsl5t64	0.21.2-1.1+b1	install ok installed
libpsl-dev	0.21.2-1.1+b1	install ok installed
libpugixml1v5	1.14-2	install ok installed
libpulse0	17.0+dfsg1-2+b1	install ok installed
libpulse-dev	17.0+dfsg1-2+b1	install ok installed
libpulse-mainloop-glib0	17.0+dfsg1-2+b1	install ok installed
libpython3.13	3.13.5-2+deb13u4	install ok installed
libpython3.13-dev	3.13.5-2+deb13u4	install ok installed
libpython3.13-minimal	3.13.5-2+deb13u4	install ok installed
libpython3.13-stdlib	3.13.5-2+deb13u4	install ok installed
libpython3-dev	3.13.5-1	install ok installed
libpython3-stdlib	3.13.5-1	install ok installed
libqdox-java	1.12.1-4	install ok installed
librabbitmq4	0.15.0-1+deb13u2	install ok installed
librav1e0.7	0.7.1-9+b2	install ok installed
libreadline8t64	8.2-6	install ok installed
libreiserfscore0t64	1:3.6.27-9	install ok installed
librhash1	1.4.5-1	install ok installed
librist4	0.2.11+dfsg-1	install ok installed
librsvg2-2	2.60.0+dfsg-1	install ok installed
librsvg2-bin	2.60.0+dfsg-1	install ok installed
librtmp1	2.4+20151223.gitfa8646d.1-2+b5	install ok installed
librtmp-dev	2.4+20151223.gitfa8646d.1-2+b5	install ok installed
librubberband2	3.3.0+dfsg-2+b3	install ok installed
libsamplerate0	0.2.2-4+b2	install ok installed
libsasl2-2	2.1.28+dfsg1-9	install ok installed
libsasl2-modules-db	2.1.28+dfsg1-9	install ok installed
libseccomp2	2.6.0-2	install ok installed
libselinux1	3.8.1-1	install ok installed
libselinux1-dev	3.8.1-1	install ok installed
libsemanage2	3.8.1-1	install ok installed
libsemanage-common	3.8.1-1	install ok installed
libsensors5	1:3.6.2-2	install ok installed
libsensors-config	1:3.6.2-2	install ok installed
libsepol2	3.8.1-1	install ok installed
libsepol-dev	3.8.1-1	install ok installed
libserd-0-0	0.32.4-1	install ok installed
libservlet-api-java	4.0.1-2	install ok installed
libset-scalar-perl	1.29-3	install ok installed
libsframe1	2.44-3	install ok installed
libshairplay0	0.9.0~git20180824.096b61a+dfsg1-3+b2	install ok installed
libshairplay-dev	0.9.0~git20180824.096b61a+dfsg1-3+b2	install ok installed
libsharpyuv0	1.5.0-0.1	install ok installed
libshine3	3.1.1-2+b2	install ok installed
libsigsegv2	2.14-1+b2	install ok installed
libslang2	2.3.3-5+b2	install ok installed
libsm6	2:1.2.6-1	install ok installed
libsmartcols1	2.41.5-0+deb13u1	install ok installed
libsmbclient0	2:4.22.10+dfsg-0+deb13u2	install ok installed
libsmbclient-dev	2:4.22.10+dfsg-0+deb13u2	install ok installed
libsm-dev	2:1.2.6-1	install ok installed
libsnappy1v5	1.2.2-1	install ok installed
libsndfile1	1.2.2-2+deb13u1	install ok installed
libsndio7.0	1.10.0-0.1	install ok installed
libsndio-dev	1.10.0-0.1	install ok installed
libsodium23	1.0.18-1+deb13u1	install ok installed
libsord-0-0	0.16.18-1	install ok installed
libsoxr0	0.1.3-4+b2	install ok installed
libspa-0.2-dev	1.4.2-1	install ok installed
libspa-0.2-modules	1.4.2-1	install ok installed
libspdlog1.15	1:1.15.2+ds-2	install ok installed
libspdlog-dev	1:1.15.2+ds-2	install ok installed
libspeex1	1.2.1-3	install ok installed
libsphinxbase3t64	0.8+5prealpha+1-21+b1	install ok installed
libspiro1	1:20240903-1	install ok installed
libsqlite3-0	3.46.1-7+deb13u1	install ok installed
libsqlite3-dev	3.46.1-7+deb13u1	install ok installed
libsratom-0-0	0.6.18-1	install ok installed
libsrt1.5-gnutls	1.5.4-1+deb13u1	install ok installed
libsrt1.5-openssl	1.5.4-1+deb13u1	install ok installed
libsrt-openssl-dev	1.5.4-1+deb13u1	install ok installed
libss2	1.47.2-3+b11	install ok installed
libssh2-1-dev	1.11.1-1+deb13u1	install ok installed
libssh2-1t64	1.11.1-1+deb13u1	install ok installed
libssh-4	0.11.5-0+deb13u1	install ok installed
libssl3t64	3.5.7-1~deb13u2	install ok installed
libssl-dev	3.5.7-1~deb13u2	install ok installed
libstdc++-14-dev	14.2.0-19	install ok installed
libstdc++6	14.2.0-19	install ok installed
libsvtav1enc2	2.3.0+dfsg-1	install ok installed
libswresample5	7:7.1.5-0+deb13u1	install ok installed
libswresample-dev	7:7.1.5-0+deb13u1	install ok installed
libswscale8	7:7.1.5-0+deb13u1	install ok installed
libswscale-dev	7:7.1.5-0+deb13u1	install ok installed
libsysprof-capture-4-dev	48.0-2	install ok installed
libsystemd0	257.13-1~deb13u1	install ok installed
libsystemd-dev	257.13-1~deb13u1	install ok installed
libsystemd-shared	257.13-1~deb13u1	install ok installed
libtag1-dev	2.0.2-2	install ok installed
libtag2	2.0.2-2	install ok installed
libtag-c2	2.0.2-2	install ok installed
libtag-c-dev	2.0.2-2	install ok installed
libtag-dev	2.0.2-2	install ok installed
libtalloc2	2:2.4.3+samba4.22.10+dfsg-0+deb13u2	install ok installed
libtasn1-6	4.20.0-2+deb13u1	install ok installed
libtasn1-6-dev	4.20.0-2+deb13u1	install ok installed
libtcl8.6	8.6.16+dfsg-1	install ok installed
libtdb1	2:1.4.13+samba4.22.10+dfsg-0+deb13u2	install ok installed
libtevent0t64	2:0.16.2+samba4.22.10+dfsg-0+deb13u2	install ok installed
libtext-charwidth-perl	0.04-11+b4	install ok installed
libtext-iconv-perl	1.7-8+b4	install ok installed
libtext-wrapi18n-perl	0.06-10	install ok installed
libthai0	0.1.29-2+b1	install ok installed
libthai-data	0.1.29-2	install ok installed
libtheoradec1	1.2.0~alpha1+dfsg-6	install ok installed
libtheoraenc1	1.2.0~alpha1+dfsg-6	install ok installed
libtiff6	4.7.0-3+deb13u3	install ok installed
libtinfo6	6.5+20250216-2	install ok installed
libtinyxml2-11	11.0.0+dfsg-1+b1	install ok installed
libtinyxml2.6.2v5	2.6.2-7	install ok installed
libtinyxml2-dev	11.0.0+dfsg-1+b1	install ok installed
libtinyxml-dev	2.6.2-7	install ok installed
libtirpc3t64	1.3.6+ds-1	install ok installed
libtirpc-common	1.3.6+ds-1	install ok installed
libtool	2.5.4-4	install ok installed
libtsan2	14.2.0-19	install ok installed
libtwolame0	0.4.0-2+b2	install ok installed
libubsan1	14.2.0-19	install ok installed
libuchardet0	0.0.8-1+b2	install ok installed
libudev1	257.13-1~deb13u1	install ok installed
libudev-dev	257.13-1~deb13u1	install ok installed
libudfread0	1.1.2-1+b2	install ok installed
libudfread-dev	1.1.2-1+b2	install ok installed
libunbound8	1.22.0-2+deb13u3	install ok installed
libunibreak6	6.1-3	install ok installed
libunibreak-dev	6.1-3	install ok installed
libunistring5	1.3-2	install ok installed
libusb-0.1-4	2:0.1.12-35+b1	install ok installed
libusb-1.0-0	2:1.0.28-1	install ok installed
libuuid1	2.41.5-0+deb13u1	install ok installed
libuv1t64	1.50.0-2	install ok installed
libv4l-0t64	1.30.1-1	install ok installed
libv4l2rds0t64	1.30.1-1	install ok installed
libv4lconvert0t64	1.30.1-1	install ok installed
libva2	2.22.0-3	install ok installed
libva-dev	2.22.0-3	install ok installed
libva-drm2	2.22.0-3	install ok installed
libva-glx2	2.22.0-3	install ok installed
libva-wayland2	2.22.0-3	install ok installed
libva-x11-2	2.22.0-3	install ok installed
libvdpau1	1.5-3+b1	install ok installed
libvdpau-dev	1.5-3+b1	install ok installed
libvidstab1.1	1.1.0-2+b2	install ok installed
libvorbis0a	1.3.7-3	install ok installed
libvorbisenc2	1.3.7-3	install ok installed
libvorbisfile3	1.3.7-3	install ok installed
libvpx9	1.15.0-2.1+deb13u1	install ok installed
libvulkan1	1.4.309.0-1	install ok installed
libwacom9	2.14.0-1	install ok installed
libwacom-common	2.14.0-1	install ok installed
libwacom-dev	2.14.0-1	install ok installed
libwayland-bin	1.23.1-3	install ok installed
libwayland-client0	1.23.1-3	install ok installed
libwayland-client++1	1.0.0-6+b2	install ok installed
libwayland-client-extra++1	1.0.0-6+b2	install ok installed
libwayland-cursor0	1.23.1-3	install ok installed
libwayland-cursor++1	1.0.0-6+b2	install ok installed
libwayland-dev	1.23.1-3	install ok installed
libwayland-egl++1	1.0.0-6+b2	install ok installed
libwayland-egl1	1.23.1-3	install ok installed
libwayland-server0	1.23.1-3	install ok installed
libwayland-server++1	1.0.0-6+b2	install ok installed
libwbclient0	2:4.22.10+dfsg-0+deb13u2	install ok installed
libwebp7	1.5.0-0.1	install ok installed
libwebpmux3	1.5.0-0.1	install ok installed
libwebrtc-audio-processing-1-3	1.3-3+b1	install ok installed
libwoff1	1.0.2-2+b2	install ok installed
libwrap0	7.6.q-36	install ok installed
libwtmpdb0	0.73.0-3+deb13u1	install ok installed
libx11-6	2:1.8.12-1	install ok installed
libx11-data	2:1.8.12-1	install ok installed
libx11-dev	2:1.8.12-1	install ok installed
libx11-xcb1	2:1.8.12-1	install ok installed
libx264-164	2:0.164.3108+git31e19f9-2+b1	install ok installed
libx265-215	4.1-2	install ok installed
libxapian30	1.4.29-3	install ok installed
libxau6	1:1.0.11-1	install ok installed
libxau-dev	1:1.0.11-1	install ok installed
libxcb1	1.17.0-2+b1	install ok installed
libxcb1-dev	1.17.0-2+b1	install ok installed
libxcb-dri3-0	1.17.0-2+b1	install ok installed
libxcb-glx0	1.17.0-2+b1	install ok installed
libxcb-present0	1.17.0-2+b1	install ok installed
libxcb-randr0	1.17.0-2+b1	install ok installed
libxcb-render0	1.17.0-2+b1	install ok installed
libxcb-shm0	1.17.0-2+b1	install ok installed
libxcb-sync1	1.17.0-2+b1	install ok installed
libxcb-xfixes0	1.17.0-2+b1	install ok installed
libxcb-xkb1	1.17.0-2+b1	install ok installed
libxcomposite1	1:0.4.6-1	install ok installed
libxcursor1	1:1.2.3-1	install ok installed
libxdamage1	1:1.1.6-1+b2	install ok installed
libxdmcp6	1:1.1.5-1	install ok installed
libxdmcp-dev	1:1.1.5-1	install ok installed
libxext6	2:1.3.4-1+b3	install ok installed
libxext-dev	2:1.3.4-1+b3	install ok installed
libxfixes3	1:6.0.0-2+b4	install ok installed
libxi6	2:1.8.2-1	install ok installed
libxinerama1	2:1.1.4-3+b4	install ok installed
libxkbcommon0	1.7.0-2	install ok installed
libxkbcommon-dev	1.7.0-2	install ok installed
libxkbcommon-x11-0	1.7.0-2	install ok installed
libxml2	2.12.7+dfsg+really2.9.14-2.1+deb13u3	install ok installed
libxml2-dev	2.12.7+dfsg+really2.9.14-2.1+deb13u3	install ok installed
libxpp3-java	1.1.4c-4	install ok installed
libxrandr2	2:1.5.4-1+b3	install ok installed
libxrandr-dev	2:1.5.4-1+b3	install ok installed
libxrender1	1:0.9.12-1	install ok installed
libxrender-dev	1:0.9.12-1	install ok installed
libxshmfence1	1.3.3-1	install ok installed
libxslt1.1	1.1.35-1.2+deb13u3	install ok installed
libxslt1-dev	1.1.35-1.2+deb13u3	install ok installed
libxstream-java	1.4.21-1	install ok installed
libxt6t64	1:1.2.1-1.2+b2	install ok installed
libxtables12	1.8.11-2	install ok installed
libxt-dev	1:1.2.1-1.2+b2	install ok installed
libxtst6	2:1.2.5-1	install ok installed
libxvidcore4	2:1.3.7-1+b2	install ok installed
libxxf86vm1	1:1.1.4-1+b4	install ok installed
libxxhash0	0.8.3-2	install ok installed
libyaml-0-2	0.2.5-2	install ok installed
libz3-4	4.13.3-1	install ok installed
libzimg2	3.0.5+ds1-1+b2	install ok installed
libzix-0-0	0.6.2-1	install ok installed
libzmq5	4.3.5-1+b3	install ok installed
libzstd1	1.5.7+dfsg-1	install ok installed
libzstd-dev	1.5.7+dfsg-1	install ok installed
libzvbi0t64	0.2.44-1	install ok installed
libzvbi-common	0.2.44-1	install ok installed
linux-base	4.12.1	install ok installed
linux-dtb-vendor-rk35xx	26.11.0-trunk.35	install ok installed
linux-headers-vendor-rk35xx	26.11.0-trunk.35	install ok installed
linux-image-vendor-rk35xx	26.11.0-trunk.35	install ok installed
linux-libc-dev	6.12.107-1	install ok installed
linux-u-boot-orangepi5-ultra-vendor	26.11.0-trunk.35	install ok installed
lm-sensors	1:3.6.2-2	install ok installed
locales	2.41-12+deb13u3	install ok installed
login	1:4.16.0-2+really2.41.5-0+deb13u1	install ok installed
login.defs	1:4.17.4-2	install ok installed
logrotate	3.22.0-1+b2	install ok installed
logsave	1.47.2-3+b11	install ok installed
lsb-release	12.1-1	install ok installed
lsof	4.99.4+dfsg-2	install ok installed
m4	1.4.19-8	install ok installed
make	4.4.1-2	install ok installed
man-db	2.13.1-1	install ok installed
mariadb-common	1:11.8.6-0+deb13u1	install ok installed
mawk	1.3.4.20250131-1	install ok installed
media-types	13.0.0	install ok installed
mesa-libgallium	25.0.7-2+deb13u1	install ok installed
mesa-utils-bin	9.0.0-2+b2	install ok installed
meson	1.7.0-1	install ok installed
mmc-utils	0+git20240329.f757f413-1+b1	install ok installed
mount	2.41.5-0+deb13u1	install ok installed
mtd-utils	1:2.3.0-1	install ok installed
mysql-common	5.8+1.1.1	install ok installed
nano	8.4-1+deb13u1	install ok installed
nasm	2.16.03-1	install ok installed
native-architecture	0.2.6	install ok installed
ncurses-base	6.5+20250216-2	install ok installed
ncurses-bin	6.5+20250216-2	install ok installed
ncurses-term	6.5+20250216-2	install ok installed
netbase	6.5	install ok installed
netplan-generator	1.1.2-7	install ok installed
netplan.io	1.1.2-7	install ok installed
nettle-dev	3.10.1-1	install ok installed
ninja-build	1.12.1-1+b1	install ok installed
nlohmann-json3-dev	3.11.3-2.1	install ok installed
ntfs-3g	1:2022.10.3-5+deb13u2	install ok installed
ocl-icd-libopencl1	2.3.3-1	install ok installed
openjdk-21-jre	21.0.12.1+1-1~deb13u1	install ok installed
openjdk-21-jre-headless	21.0.12.1+1-1~deb13u1	install ok installed
openssh-client	1:10.0p1-7+deb13u4	install ok installed
openssh-server	1:10.0p1-7+deb13u4	install ok installed
openssh-sftp-server	1:10.0p1-7+deb13u4	install ok installed
openssl	3.5.7-1~deb13u2	install ok installed
openssl-provider-legacy	3.5.7-1~deb13u2	install ok installed
pahole	1.30-1	install ok installed
parted	3.6-5	install ok installed
passwd	1:4.17.4-2	install ok installed
patch	2.8-2	install ok installed
pci.ids	0.0~2025.06.09-1	install ok installed
pciutils	1:3.13.0-2	install ok installed
perl	5.40.1-6	install ok installed
perl-base	5.40.1-6	install ok installed
perl-modules-5.40	5.40.1-6	install ok installed
pkgconf	1.8.1-4	install ok installed
pkgconf-bin	1.8.1-4	install ok installed
pkg-config	1.8.1-4	install ok installed
po-debconf	1.0.21+nmu1	install ok installed
procps	2:4.0.4-9	install ok installed
psmisc	23.7-2	install ok installed
pv	1.9.31-1	install ok installed
python3.13	3.13.5-2+deb13u4	install ok installed
python3.13-dev	3.13.5-2+deb13u4	install ok installed
python3.13-minimal	3.13.5-2+deb13u4	install ok installed
python3	3.13.5-1	install ok installed
python3-autocommand	2.2.2-3	install ok installed
python3-cffi-backend	1.17.1-3	install ok installed
python3-dev	3.13.5-1	install ok installed
python3-inflect	7.3.1-2	install ok installed
python3-jaraco.context	6.0.1-1+deb13u1	install ok installed
python3-jaraco.functools	4.1.0-1	install ok installed
python3-jaraco.text	4.0.0-1	install ok installed
python3-minimal	3.13.5-1	install ok installed
python3-more-itertools	10.7.0-1	install ok installed
python3-netplan	1.1.2-7	install ok installed
python3-packaging	25.0-1	install ok installed
python3-pkg-resources	78.1.1-0.1	install ok installed
python3-setuptools	78.1.1-0.1	install ok installed
python3-typeguard	4.4.2-1	install ok installed
python3-typing-extensions	4.13.2-1	install ok installed
python3-yaml	6.0.2-1+b2	install ok installed
python3-zipp	3.21.0-1	install ok installed
rapidjson-dev	1.1.0+dfsg2-7.4	install ok installed
readline-common	8.2-6	install ok installed
rpcsvc-proto	1.4.3-1+b1	install ok installed
rsync	3.4.1+ds1-5+deb13u4	install ok installed
rsyslog	8.2504.0-1	install ok installed
runit-helper	2.16.4	install ok installed
samba-libs	2:4.22.10+dfsg-0+deb13u2	install ok installed
sed	4.9-2+deb13u1	install ok installed
sensible-utils	0.0.25	install ok installed
sgml-base	1.31+nmu1	install ok installed
shared-mime-info	2.4-5+b2	install ok installed
sqv	1.3.0-3+b2	install ok installed
sudo	1.9.16p2-3+deb13u2	install ok installed
swig	4.3.0-1	install ok installed
systemd	257.13-1~deb13u1	install ok installed
systemd-resolved	257.13-1~deb13u1	install ok installed
systemd-sysv	257.13-1~deb13u1	install ok installed
systemd-timesyncd	257.13-1~deb13u1	install ok installed
sysvinit-utils	3.14-4	install ok installed
tar	1.35+dfsg-3.1	install ok installed
tcl8.6	8.6.16+dfsg-1	install ok installed
tcl-expect	5.45.4-4	install ok installed
toilet	0.3-3	install ok installed
toilet-fonts	0.3-3	install ok installed
tree	2.2.1-1	install ok installed
tzdata	2026b-0+deb13u1	install ok installed
u-boot-tools	2025.01-3	install ok installed
ucf	3.0052	install ok installed
udev	257.13-1~deb13u1	install ok installed
unzip	6.0-29+deb13u1	install ok installed
usbutils	1:018-2	install ok installed
util-linux	2.41.5-0+deb13u1	install ok installed
uuid-dev	2.41.5-0+deb13u1	install ok installed
v4l2loopback-dkms	0.15.0-2	install ok installed
v4l2loopback-utils	0.15.0-2	install ok installed
v4l-utils	1.30.1-1	install ok installed
vim	2:9.1.1230-2	install ok installed
vim-common	2:9.1.1230-2	install ok installed
vim-runtime	2:9.1.1230-2	install ok installed
waylandpp-dev	1.0.0-6+b2	install ok installed
wayland-protocols	1.44-1	install ok installed
wayland-scanner++	1.0.0-6+b2	install ok installed
wget	1.25.0-2	install ok installed
whiptail	0.52.25-1	install ok installed
wireguard-tools	1.0.20210914-3	install ok installed
wireless-regdb	2026.05.30-1~deb13u1	install ok installed
wpasupplicant	2:2.10-24	install ok installed
x11-common	1:7.7+24+deb13u1	install ok installed
x11proto-dev	2024.1-1	install ok installed
xkb-data	2.42-1	install ok installed
xml-core	0.19	install ok installed
xorg-sgml-doctools	1:1.11-1.1	install ok installed
xtrans-dev	1.4.0-1	install ok installed
xz-utils	5.8.1-1+deb13u1	install ok installed
zip	3.0-15+deb13u1	install ok installed
zlib1g	1:1.3.dfsg+really1.3.1-1+b1	install ok installed
zlib1g-dev	1:1.3.dfsg+really1.3.1-1+b1	install ok installed
